{
    "root_group": {
        "checks": {
            "list parcels status is 200": {
                "path": "::list parcels status is 200",
                "id": "ff5397142f10d9e33a1da9f9ce7986bc",
                "passes": 300,
                "fails": 0,
                "name": "list parcels status is 200"
            },
            "parcel details status is 200": {
                "passes": 300,
                "fails": 0,
                "name": "parcel details status is 200",
                "path": "::parcel details status is 200",
                "id": "802df06b8b423ea0d7f4cc8cb002198a"
            },
            "create parcel status is 201": {
                "name": "create parcel status is 201",
                "path": "::create parcel status is 201",
                "id": "57f303b65d8a637b7e30cd63d6cb5ead",
                "passes": 1096,
                "fails": 0
            }
        },
        "name": "",
        "path": "",
        "id": "d41d8cd98f00b204e9800998ecf8427e",
        "groups": {}
    },
    "metrics": {
        "http_req_receiving": {
            "p(90)": 0.2048335000000001,
            "p(95)": 0.5663437499999999,
            "avg": 0.09901648466981139,
            "min": 0.005083,
            "med": 0.034604,
            "max": 1.454959
        },
        "checks": {
            "passes": 1696,
            "fails": 0,
            "value": 1
        },
        "http_req_duration{expected_response:true}": {
            "min": 0.750584,
            "med": 4.622063,
            "max": 55.012875,
            "p(90)": 16.885146000000002,
            "p(95)": 28.417114249999997,
            "avg": 7.3770613944575425
        },
        "http_reqs": {
            "count": 1696,
            "rate": 55.19678152198789
        },
        "vus_max": {
            "max": 50,
            "value": 50,
            "min": 50
        },
        "http_req_tls_handshaking": {
            "avg": 0,
            "min": 0,
            "med": 0,
            "max": 0,
            "p(90)": 0,
            "p(95)": 0
        },
        "http_req_failed": {
            "fails": 1696,
            "passes": 0,
            "thresholds": {
                "rate<0.02": false
            },
            "value": 0
        },
        "http_req_blocked": {
            "avg": 0.07839891922169814,
            "min": 0.000584,
            "med": 0.004542,
            "max": 4.739875,
            "p(90)": 0.016313,
            "p(95)": 0.03222899999999993
        },
        "http_req_duration": {
            "min": 0.750584,
            "med": 4.622063,
            "max": 55.012875,
            "p(90)": 16.885146000000002,
            "p(95)": 28.417114249999997,
            "avg": 7.3770613944575425,
            "thresholds": {
                "p(95)<500": false
            }
        },
        "http_req_connecting": {
            "avg": 0.056219781839622646,
            "min": 0,
            "med": 0,
            "max": 4.252042,
            "p(90)": 0,
            "p(95)": 0
        },
        "data_received": {
            "count": 15317560,
            "rate": 498514.1584728424
        },
        "iteration_duration": {
            "max": 1061.895875,
            "p(90)": 1016.6336465,
            "p(95)": 1045.0557297499993,
            "avg": 618.3294828839549,
            "min": 501.161167,
            "med": 507.80093750000003
        },
        "vus": {
            "min": 10,
            "max": 49,
            "value": 21
        },
        "http_req_sending": {
            "p(95)": 0.07192725,
            "avg": 0.03348724292452825,
            "min": 0.001625,
            "med": 0.0151455,
            "max": 6.383291,
            "p(90)": 0.0508745
        },
        "http_req_waiting": {
            "med": 4.5018125,
            "max": 54.381666,
            "p(90)": 16.863666500000004,
            "p(95)": 28.30509349999999,
            "avg": 7.244557666863204,
            "min": 0.73175
        },
        "data_sent": {
            "count": 292536,
            "rate": 9520.663726011939
        },
        "iterations": {
            "count": 1396,
            "rate": 45.4331998848438
        }
    }
}