{
    "root_group": {
        "name": "",
        "path": "",
        "id": "d41d8cd98f00b204e9800998ecf8427e",
        "groups": {},
        "checks": {
                "list parcels status is 200": {
                    "name": "list parcels status is 200",
                    "path": "::list parcels status is 200",
                    "id": "ff5397142f10d9e33a1da9f9ce7986bc",
                    "passes": 300,
                    "fails": 0
                },
                "parcel details status is 200": {
                    "id": "802df06b8b423ea0d7f4cc8cb002198a",
                    "passes": 300,
                    "fails": 0,
                    "name": "parcel details status is 200",
                    "path": "::parcel details status is 200"
                },
                "create parcel status is 201": {
                    "name": "create parcel status is 201",
                    "path": "::create parcel status is 201",
                    "id": "57f303b65d8a637b7e30cd63d6cb5ead",
                    "passes": 1093,
                    "fails": 0
                }
            }
    },
    "metrics": {
        "http_req_receiving": {
            "min": 0.005666,
            "med": 0.042083,
            "max": 2.56175,
            "p(90)": 0.22001660000000017,
            "p(95)": 0.6409331999999998,
            "avg": 0.11709337152982878
        },
        "http_reqs": {
            "count": 1693,
            "rate": 55.05368134932428
        },
        "http_req_duration{expected_response:true}": {
            "avg": 7.253998599527466,
            "min": 0.969042,
            "med": 5.230209,
            "max": 44.731125,
            "p(90)": 14.2982664,
            "p(95)": 22.732366199999998
        },
        "data_sent": {
            "rate": 9491.735937207068,
            "count": 291888
        },
        "data_received": {
            "rate": 497214.21759752155,
            "count": 15290234
        },
        "checks": {
            "passes": 1693,
            "fails": 0,
            "value": 1
        },
        "http_req_failed": {
            "passes": 0,
            "fails": 1693,
            "thresholds": {
                "rate<0.02": false
            },
            "value": 0
        },
        "iterations": {
            "count": 1393,
            "rate": 45.29815600685689
        },
        "vus": {
            "value": 22,
            "min": 10,
            "max": 49
        },
        "http_req_connecting": {
            "med": 0,
            "max": 3.280708,
            "p(90)": 0,
            "p(95)": 0,
            "avg": 0.0608655469580626,
            "min": 0
        },
        "vus_max": {
            "value": 50,
            "min": 50,
            "max": 50
        },
        "iteration_duration": {
            "med": 508.505,
            "max": 1056.053834,
            "p(90)": 1016.0142000000001,
            "p(95)": 1030.2348838,
            "avg": 618.9630310911709,
            "min": 501.206167
        },
        "http_req_duration": {
            "avg": 7.253998599527466,
            "min": 0.969042,
            "med": 5.230209,
            "max": 44.731125,
            "p(90)": 14.2982664,
            "p(95)": 22.732366199999998,
            "thresholds": {
                "p(95)<500": false
            }
        },
        "http_req_waiting": {
            "p(95)": 22.51073319999998,
            "avg": 7.103954925575903,
            "min": 0.938625,
            "med": 5.061625,
            "max": 44.196959,
            "p(90)": 13.646141400000001
        },
        "http_req_blocked": {
            "p(95)": 0.018958,
            "avg": 0.07650293679858225,
            "min": 0.00075,
            "med": 0.004792,
            "max": 3.5495,
            "p(90)": 0.015157800000000003
        },
        "http_req_tls_handshaking": {
            "p(95)": 0,
            "avg": 0,
            "min": 0,
            "med": 0,
            "max": 0,
            "p(90)": 0
        },
        "http_req_sending": {
            "avg": 0.03295030242173654,
            "min": 0.002166,
            "med": 0.015709,
            "max": 4.10125,
            "p(90)": 0.050199600000000004,
            "p(95)": 0.061741599999999994
        }
    }
}